2014-09-07-00:00,营盘路（二期）,29
2014-09-07-00:05,营盘路（二期）,18
2014-09-07-00:10,营盘路（二期）,25
2014-09-07-00:15,营盘路（二期）,31
2014-09-07-00:20,营盘路（二期）,26
2014-09-07-00:25,营盘路（二期）,20
2014-09-07-00:30,营盘路（二期）,18
2014-09-07-00:35,营盘路（二期）,28
2014-09-07-00:40,营盘路（二期）,31
2014-09-07-00:45,营盘路（二期）,15
2014-09-07-00:50,营盘路（二期）,23
2014-09-07-00:55,营盘路（二期）,18
2014-09-07-01:00,营盘路（二期）,32
2014-09-07-01:05,营盘路（二期）,23
2014-09-07-01:10,营盘路（二期）,22
2014-09-07-01:15,营盘路（二期）,31
2014-09-07-01:20,营盘路（二期）,20
2014-09-07-01:25,营盘路（二期）,21
2014-09-07-01:30,营盘路（二期）,25
2014-09-07-01:35,营盘路（二期）,26
2014-09-07-01:40,营盘路（二期）,23
2014-09-07-01:45,营盘路（二期）,24
2014-09-07-01:50,营盘路（二期）,22
2014-09-07-01:55,营盘路（二期）,19
2014-09-07-02:00,营盘路（二期）,19
2014-09-07-02:05,营盘路（二期）,16
2014-09-07-02:10,营盘路（二期）,14
2014-09-07-02:15,营盘路（二期）,9
2014-09-07-02:20,营盘路（二期）,18
2014-09-07-02:25,营盘路（二期）,19
2014-09-07-02:30,营盘路（二期）,18
2014-09-07-02:35,营盘路（二期）,18
2014-09-07-02:40,营盘路（二期）,14
2014-09-07-02:45,营盘路（二期）,10
2014-09-07-02:50,营盘路（二期）,12
2014-09-07-02:55,营盘路（二期）,11
2014-09-07-03:00,营盘路（二期）,11
2014-09-07-03:05,营盘路（二期）,18
2014-09-07-03:10,营盘路（二期）,14
2014-09-07-03:15,营盘路（二期）,9
2014-09-07-03:20,营盘路（二期）,6
2014-09-07-03:25,营盘路（二期）,14
2014-09-07-03:30,营盘路（二期）,11
2014-09-07-03:35,营盘路（二期）,1
2014-09-07-03:40,营盘路（二期）,0
2014-09-07-03:45,营盘路（二期）,5
2014-09-07-03:50,营盘路（二期）,13
2014-09-07-03:55,营盘路（二期）,10
2014-09-07-04:00,营盘路（二期）,8
2014-09-07-04:05,营盘路（二期）,8
2014-09-07-04:10,营盘路（二期）,9
2014-09-07-04:15,营盘路（二期）,14
2014-09-07-04:20,营盘路（二期）,7
2014-09-07-04:25,营盘路（二期）,10
2014-09-07-04:30,营盘路（二期）,13
2014-09-07-04:35,营盘路（二期）,7
2014-09-07-04:40,营盘路（二期）,8
2014-09-07-04:45,营盘路（二期）,10
2014-09-07-04:50,营盘路（二期）,3
2014-09-07-04:55,营盘路（二期）,6
2014-09-07-05:00,营盘路（二期）,10
2014-09-07-05:05,营盘路（二期）,6
2014-09-07-05:10,营盘路（二期）,5
2014-09-07-05:15,营盘路（二期）,6
2014-09-07-05:20,营盘路（二期）,8
2014-09-07-05:25,营盘路（二期）,13
2014-09-07-05:30,营盘路（二期）,3
2014-09-07-05:35,营盘路（二期）,0
2014-09-07-05:40,营盘路（二期）,6
2014-09-07-05:45,营盘路（二期）,5
2014-09-07-05:50,营盘路（二期）,7
2014-09-07-05:55,营盘路（二期）,9
2014-09-07-06:00,营盘路（二期）,15
2014-09-07-06:05,营盘路（二期）,10
2014-09-07-06:10,营盘路（二期）,13
2014-09-07-06:15,营盘路（二期）,14
2014-09-07-06:20,营盘路（二期）,10
2014-09-07-06:25,营盘路（二期）,13
2014-09-07-06:30,营盘路（二期）,27
2014-09-07-06:35,营盘路（二期）,16
2014-09-07-06:40,营盘路（二期）,13
2014-09-07-06:45,营盘路（二期）,22
2014-09-07-06:50,营盘路（二期）,23
2014-09-07-06:55,营盘路（二期）,22
2014-09-07-07:00,营盘路（二期）,14
2014-09-07-07:05,营盘路（二期）,23
2014-09-07-07:10,营盘路（二期）,26
2014-09-07-07:15,营盘路（二期）,28
2014-09-07-07:20,营盘路（二期）,28
2014-09-07-07:25,营盘路（二期）,28
2014-09-07-07:30,营盘路（二期）,38
2014-09-07-07:35,营盘路（二期）,29
2014-09-07-07:40,营盘路（二期）,27
2014-09-07-07:45,营盘路（二期）,29
2014-09-07-07:50,营盘路（二期）,37
2014-09-07-07:55,营盘路（二期）,25
2014-09-07-08:00,营盘路（二期）,34
2014-09-07-08:05,营盘路（二期）,31
2014-09-07-08:10,营盘路（二期）,35
2014-09-07-08:15,营盘路（二期）,21
2014-09-07-08:20,营盘路（二期）,35
2014-09-07-08:25,营盘路（二期）,34
2014-09-07-08:30,营盘路（二期）,34
2014-09-07-08:35,营盘路（二期）,30
2014-09-07-08:40,营盘路（二期）,36
2014-09-07-08:45,营盘路（二期）,39
2014-09-07-08:50,营盘路（二期）,38
2014-09-07-08:55,营盘路（二期）,40
2014-09-07-09:00,营盘路（二期）,55
2014-09-07-09:05,营盘路（二期）,56
2014-09-07-09:10,营盘路（二期）,48
2014-09-07-09:15,营盘路（二期）,53
2014-09-07-09:20,营盘路（二期）,31
2014-09-07-09:25,营盘路（二期）,28
2014-09-07-09:30,营盘路（二期）,40
2014-09-07-09:35,营盘路（二期）,57
2014-09-07-09:40,营盘路（二期）,33
2014-09-07-09:45,营盘路（二期）,28
2014-09-07-09:50,营盘路（二期）,48
2014-09-07-09:55,营盘路（二期）,34
2014-09-07-10:00,营盘路（二期）,36
2014-09-07-10:05,营盘路（二期）,40
2014-09-07-10:10,营盘路（二期）,27
2014-09-07-10:15,营盘路（二期）,52
2014-09-07-10:20,营盘路（二期）,46
2014-09-07-10:25,营盘路（二期）,43
2014-09-07-10:30,营盘路（二期）,40
2014-09-07-10:35,营盘路（二期）,37
2014-09-07-10:40,营盘路（二期）,48
2014-09-07-10:45,营盘路（二期）,43
2014-09-07-10:50,营盘路（二期）,43
2014-09-07-10:55,营盘路（二期）,46
2014-09-07-11:00,营盘路（二期）,41
2014-09-07-11:05,营盘路（二期）,41
2014-09-07-11:10,营盘路（二期）,40
2014-09-07-11:15,营盘路（二期）,43
2014-09-07-11:20,营盘路（二期）,49
2014-09-07-11:25,营盘路（二期）,45
2014-09-07-11:30,营盘路（二期）,45
2014-09-07-11:35,营盘路（二期）,38
2014-09-07-11:40,营盘路（二期）,38
2014-09-07-11:45,营盘路（二期）,37
2014-09-07-11:50,营盘路（二期）,42
2014-09-07-11:55,营盘路（二期）,47
2014-09-07-12:00,营盘路（二期）,49
2014-09-07-12:05,营盘路（二期）,39
2014-09-07-12:10,营盘路（二期）,42
2014-09-07-12:15,营盘路（二期）,44
2014-09-07-12:20,营盘路（二期）,36
2014-09-07-12:25,营盘路（二期）,35
2014-09-07-12:30,营盘路（二期）,40
2014-09-07-12:35,营盘路（二期）,50
2014-09-07-12:40,营盘路（二期）,32
2014-09-07-12:45,营盘路（二期）,49
2014-09-07-12:50,营盘路（二期）,43
2014-09-07-12:55,营盘路（二期）,53
2014-09-07-13:00,营盘路（二期）,35
2014-09-07-13:05,营盘路（二期）,36
2014-09-07-13:10,营盘路（二期）,43
2014-09-07-13:15,营盘路（二期）,33
2014-09-07-13:20,营盘路（二期）,49
2014-09-07-13:25,营盘路（二期）,44
2014-09-07-13:30,营盘路（二期）,41
2014-09-07-13:35,营盘路（二期）,37
2014-09-07-13:40,营盘路（二期）,42
2014-09-07-13:45,营盘路（二期）,35
2014-09-07-13:50,营盘路（二期）,38
2014-09-07-13:55,营盘路（二期）,45
2014-09-07-14:00,营盘路（二期）,33
2014-09-07-14:05,营盘路（二期）,35
2014-09-07-14:10,营盘路（二期）,47
2014-09-07-14:15,营盘路（二期）,42
2014-09-07-14:20,营盘路（二期）,49
2014-09-07-14:25,营盘路（二期）,47
2014-09-07-14:30,营盘路（二期）,40
2014-09-07-14:35,营盘路（二期）,38
2014-09-07-14:40,营盘路（二期）,32
2014-09-07-14:45,营盘路（二期）,40
2014-09-07-14:50,营盘路（二期）,41
2014-09-07-14:55,营盘路（二期）,46
2014-09-07-15:00,营盘路（二期）,49
2014-09-07-15:05,营盘路（二期）,38
2014-09-07-15:10,营盘路（二期）,34
2014-09-07-15:15,营盘路（二期）,53
2014-09-07-15:20,营盘路（二期）,51
2014-09-07-15:25,营盘路（二期）,42
2014-09-07-15:30,营盘路（二期）,37
2014-09-07-15:35,营盘路（二期）,39
2014-09-07-15:40,营盘路（二期）,45
2014-09-07-15:45,营盘路（二期）,35
2014-09-07-15:50,营盘路（二期）,44
2014-09-07-15:55,营盘路（二期）,39
2014-09-07-16:00,营盘路（二期）,49
2014-09-07-16:05,营盘路（二期）,55
2014-09-07-16:10,营盘路（二期）,34
2014-09-07-16:15,营盘路（二期）,51
2014-09-07-16:20,营盘路（二期）,39
2014-09-07-16:25,营盘路（二期）,48
2014-09-07-16:30,营盘路（二期）,50
2014-09-07-16:35,营盘路（二期）,53
2014-09-07-16:40,营盘路（二期）,37
2014-09-07-16:45,营盘路（二期）,39
2014-09-07-16:50,营盘路（二期）,37
2014-09-07-16:55,营盘路（二期）,55
2014-09-07-17:00,营盘路（二期）,38
2014-09-07-17:05,营盘路（二期）,46
2014-09-07-17:10,营盘路（二期）,52
2014-09-07-17:15,营盘路（二期）,42
2014-09-07-17:20,营盘路（二期）,41
2014-09-07-17:25,营盘路（二期）,50
2014-09-07-17:30,营盘路（二期）,33
2014-09-07-17:35,营盘路（二期）,47
2014-09-07-17:40,营盘路（二期）,37
2014-09-07-17:45,营盘路（二期）,41
2014-09-07-17:50,营盘路（二期）,45
2014-09-07-17:55,营盘路（二期）,37
2014-09-07-18:00,营盘路（二期）,51
2014-09-07-18:05,营盘路（二期）,41
2014-09-07-18:10,营盘路（二期）,44
2014-09-07-18:15,营盘路（二期）,43
2014-09-07-18:20,营盘路（二期）,46
2014-09-07-18:25,营盘路（二期）,75
2014-09-07-18:30,营盘路（二期）,59
2014-09-07-18:35,营盘路（二期）,48
2014-09-07-18:40,营盘路（二期）,45
2014-09-07-18:45,营盘路（二期）,53
2014-09-07-18:50,营盘路（二期）,53
2014-09-07-18:55,营盘路（二期）,59
2014-09-07-19:00,营盘路（二期）,44
2014-09-07-19:05,营盘路（二期）,61
2014-09-07-19:10,营盘路（二期）,52
2014-09-07-19:15,营盘路（二期）,40
2014-09-07-19:20,营盘路（二期）,59
2014-09-07-19:25,营盘路（二期）,58
2014-09-07-19:30,营盘路（二期）,51
2014-09-07-19:35,营盘路（二期）,39
2014-09-07-19:40,营盘路（二期）,52
2014-09-07-19:45,营盘路（二期）,41
2014-09-07-19:50,营盘路（二期）,41
2014-09-07-19:55,营盘路（二期）,42
2014-09-07-20:00,营盘路（二期）,48
2014-09-07-20:05,营盘路（二期）,36
2014-09-07-20:10,营盘路（二期）,27
2014-09-07-20:15,营盘路（二期）,43
2014-09-07-20:20,营盘路（二期）,44
2014-09-07-20:25,营盘路（二期）,50
2014-09-07-20:30,营盘路（二期）,49
2014-09-07-20:35,营盘路（二期）,40
2014-09-07-20:40,营盘路（二期）,41
2014-09-07-20:45,营盘路（二期）,39
2014-09-07-20:50,营盘路（二期）,43
2014-09-07-20:55,营盘路（二期）,38
2014-09-07-21:00,营盘路（二期）,40
2014-09-07-21:05,营盘路（二期）,33
2014-09-07-21:10,营盘路（二期）,33
2014-09-07-21:15,营盘路（二期）,40
2014-09-07-21:20,营盘路（二期）,42
2014-09-07-21:25,营盘路（二期）,33
2014-09-07-21:30,营盘路（二期）,50
2014-09-07-21:35,营盘路（二期）,35
2014-09-07-21:40,营盘路（二期）,26
2014-09-07-21:45,营盘路（二期）,46
2014-09-07-21:50,营盘路（二期）,34
2014-09-07-21:55,营盘路（二期）,38
2014-09-07-22:00,营盘路（二期）,31
2014-09-07-22:05,营盘路（二期）,34
2014-09-07-22:10,营盘路（二期）,17
2014-09-07-22:15,营盘路（二期）,43
2014-09-07-22:20,营盘路（二期）,39
2014-09-07-22:25,营盘路（二期）,38
2014-09-07-22:30,营盘路（二期）,33
2014-09-07-22:35,营盘路（二期）,29
2014-09-07-22:40,营盘路（二期）,30
2014-09-07-22:45,营盘路（二期）,36
2014-09-07-22:50,营盘路（二期）,44
2014-09-07-22:55,营盘路（二期）,15
2014-09-07-23:00,营盘路（二期）,35
2014-09-07-23:05,营盘路（二期）,39
2014-09-07-23:10,营盘路（二期）,52
2014-09-07-23:15,营盘路（二期）,25
2014-09-07-23:20,营盘路（二期）,24
2014-09-07-23:25,营盘路（二期）,31
2014-09-07-23:30,营盘路（二期）,27
2014-09-07-23:35,营盘路（二期）,25
2014-09-07-23:40,营盘路（二期）,27
2014-09-07-23:45,营盘路（二期）,25
2014-09-07-23:50,营盘路（二期）,24
2014-09-07-23:55,营盘路（二期）,29
